{"count":1,"gauges":{},"self":5.022618,"total":28.629382399999997,"children":{"AgentResetIfDone":{"count":2101,"self":0.046897,"total":0.046897,"children":null},"AgentSendState":{"count":2101,"self":0.45247339999999997,"total":0.72120869999999992,"children":{"CollectObservations":{"count":18909,"self":0.2687353,"total":0.2687353,"children":null}}},"DecideAction":{"count":2101,"self":22.5177008,"total":22.7488909,"children":{"AgentInfo.ToProto":{"count":2101,"self":0.2311898,"total":0.2311898,"children":null}}},"AcademyStep":{"count":2101,"self":0.0229281,"total":0.0229281,"children":null},"AgentAct":{"count":2101,"self":0.0658429,"total":0.0658429,"children":null}}}