{"cameraMode":{"drawMode":0,"name":"Shaded","section":"Shading Mode"},"sceneLighting":true,"audioPlay":false,"sceneViewState":{"showFog":true,"showMaterialUpdate":false,"showSkybox":true,"showFlares":true,"showImageEffects":true,"showParticleSystems":true},"in2DMode":false,"pivot":{"x":-2.3396174907684328,"y":9.404796600341797,"z":0.7261819839477539},"rotation":{"x":-0.010426635853946209,"y":0.7651879191398621,"z":-0.6436066031455994,"w":-0.01239634957164526},"size":87.48282623291016,"orthographic":false}